<annotation>
	<folder>bottle</folder>
	<filename>Bottle1 0594.jpg</filename>
	<source>
		<database>Unknown</database>
	</source>
	<size>
		<width>1920</width>
		<height>1080</height>
		<depth>3</depth>
	</size>
	<segmented>0</segmented>
	<object>
		<name>plastic bottle</name>
		<pose>Unspecified</pose>
		<truncated>0</truncated>
		<difficult>0</difficult>
		<bndbox>
			<xmin>1039</xmin>
			<ymin>68</ymin>
			<xmax>1482</xmax>
			<ymax>145</ymax>
		</bndbox>
	</object>
</annotation>