<annotation>
	<folder>bottle</folder>
	<filename>Bottle1 0593.jpg</filename>
	<source>
		<database>Unknown</database>
	</source>
	<size>
		<width>1920</width>
		<height>1080</height>
		<depth>3</depth>
	</size>
	<segmented>0</segmented>
	<object>
		<name>plastic bottle</name>
		<pose>Unspecified</pose>
		<truncated>0</truncated>
		<difficult>0</difficult>
		<bndbox>
			<xmin>1042</xmin>
			<ymin>72</ymin>
			<xmax>1491</xmax>
			<ymax>151</ymax>
		</bndbox>
	</object>
</annotation>