<annotation>
	<folder>bag</folder>
	<filename>Bag4_Trim1 169.jpg</filename>
	<source>
		<database>Unknown</database>
	</source>
	<size>
		<width>1920</width>
		<height>1080</height>
		<depth>3</depth>
	</size>
	<segmented>0</segmented>
	<object>
		<name>plastic bag</name>
		<pose>Unspecified</pose>
		<truncated>0</truncated>
		<difficult>0</difficult>
		<bndbox>
			<xmin>882</xmin>
			<ymin>373</ymin>
			<xmax>1570</xmax>
			<ymax>832</ymax>
		</bndbox>
	</object>
</annotation>