<annotation>
	<folder>bottle</folder>
	<filename>Bottle2_Trim 147.jpg</filename>
	<source>
		<database>Unknown</database>
	</source>
	<size>
		<width>1920</width>
		<height>1080</height>
		<depth>3</depth>
	</size>
	<segmented>0</segmented>
	<object>
		<name>plastic bottle</name>
		<pose>Unspecified</pose>
		<truncated>0</truncated>
		<difficult>0</difficult>
		<bndbox>
			<xmin>681</xmin>
			<ymin>192</ymin>
			<xmax>790</xmax>
			<ymax>259</ymax>
		</bndbox>
	</object>
	<object>
		<name>plastic bottle</name>
		<pose>Unspecified</pose>
		<truncated>0</truncated>
		<difficult>0</difficult>
		<bndbox>
			<xmin>1322</xmin>
			<ymin>249</ymin>
			<xmax>1638</xmax>
			<ymax>286</ymax>
		</bndbox>
	</object>
</annotation>