<annotation>
	<folder>bottle</folder>
	<filename>Bottle2_Trim 141.jpg</filename>
	<source>
		<database>Unknown</database>
	</source>
	<size>
		<width>1920</width>
		<height>1080</height>
		<depth>3</depth>
	</size>
	<segmented>0</segmented>
	<object>
		<name>plastic bottle</name>
		<pose>Unspecified</pose>
		<truncated>0</truncated>
		<difficult>0</difficult>
		<bndbox>
			<xmin>734</xmin>
			<ymin>197</ymin>
			<xmax>835</xmax>
			<ymax>255</ymax>
		</bndbox>
	</object>
	<object>
		<name>plastic bottle</name>
		<pose>Unspecified</pose>
		<truncated>0</truncated>
		<difficult>0</difficult>
		<bndbox>
			<xmin>1363</xmin>
			<ymin>241</ymin>
			<xmax>1680</xmax>
			<ymax>282</ymax>
		</bndbox>
	</object>
</annotation>