<annotation>
	<folder>bottle</folder>
	<filename>Bottle2_Trim 118.jpg</filename>
	<source>
		<database>Unknown</database>
	</source>
	<size>
		<width>1920</width>
		<height>1080</height>
		<depth>3</depth>
	</size>
	<segmented>0</segmented>
	<object>
		<name>plastic bottle</name>
		<pose>Unspecified</pose>
		<truncated>0</truncated>
		<difficult>0</difficult>
		<bndbox>
			<xmin>776</xmin>
			<ymin>214</ymin>
			<xmax>872</xmax>
			<ymax>275</ymax>
		</bndbox>
	</object>
	<object>
		<name>plastic bottle</name>
		<pose>Unspecified</pose>
		<truncated>0</truncated>
		<difficult>0</difficult>
		<bndbox>
			<xmin>1374</xmin>
			<ymin>256</ymin>
			<xmax>1687</xmax>
			<ymax>298</ymax>
		</bndbox>
	</object>
</annotation>