<annotation>
	<folder>bag</folder>
	<filename>Bag1_Trim2 38.jpg</filename>
	<source>
		<database>Unknown</database>
	</source>
	<size>
		<width>1920</width>
		<height>1080</height>
		<depth>3</depth>
	</size>
	<segmented>0</segmented>
	<object>
		<name>plastic bag</name>
		<pose>Unspecified</pose>
		<truncated>0</truncated>
		<difficult>0</difficult>
		<bndbox>
			<xmin>550</xmin>
			<ymin>95</ymin>
			<xmax>1085</xmax>
			<ymax>554</ymax>
		</bndbox>
	</object>
</annotation>