<annotation>
	<folder>bag</folder>
	<filename>Bag1_Trim2 47.jpg</filename>
	<source>
		<database>Unknown</database>
	</source>
	<size>
		<width>1920</width>
		<height>1080</height>
		<depth>3</depth>
	</size>
	<segmented>0</segmented>
	<object>
		<name>plastic bag</name>
		<pose>Unspecified</pose>
		<truncated>0</truncated>
		<difficult>0</difficult>
		<bndbox>
			<xmin>103</xmin>
			<ymin>49</ymin>
			<xmax>605</xmax>
			<ymax>525</ymax>
		</bndbox>
	</object>
</annotation>