<annotation>
	<folder>bottle</folder>
	<filename>Bottle2_Trim 290.jpg</filename>
	<source>
		<database>Unknown</database>
	</source>
	<size>
		<width>1920</width>
		<height>1080</height>
		<depth>3</depth>
	</size>
	<segmented>0</segmented>
	<object>
		<name>plastic bottle</name>
		<pose>Unspecified</pose>
		<truncated>0</truncated>
		<difficult>0</difficult>
		<bndbox>
			<xmin>482</xmin>
			<ymin>16</ymin>
			<xmax>715</xmax>
			<ymax>132</ymax>
		</bndbox>
	</object>
	<object>
		<name>plastic bottle</name>
		<pose>Unspecified</pose>
		<truncated>0</truncated>
		<difficult>0</difficult>
		<bndbox>
			<xmin>1451</xmin>
			<ymin>153</ymin>
			<xmax>1870</xmax>
			<ymax>202</ymax>
		</bndbox>
	</object>
</annotation>