<annotation>
	<folder>bottle</folder>
	<filename>Bottle2_Trim 325.jpg</filename>
	<source>
		<database>Unknown</database>
	</source>
	<size>
		<width>1920</width>
		<height>1080</height>
		<depth>3</depth>
	</size>
	<segmented>0</segmented>
	<object>
		<name>plastic bottle</name>
		<pose>Unspecified</pose>
		<truncated>0</truncated>
		<difficult>0</difficult>
		<bndbox>
			<xmin>160</xmin>
			<ymin>60</ymin>
			<xmax>422</xmax>
			<ymax>167</ymax>
		</bndbox>
	</object>
	<object>
		<name>plastic bottle</name>
		<pose>Unspecified</pose>
		<truncated>0</truncated>
		<difficult>0</difficult>
		<bndbox>
			<xmin>1237</xmin>
			<ymin>124</ymin>
			<xmax>1672</xmax>
			<ymax>188</ymax>
		</bndbox>
	</object>
</annotation>