<annotation>
	<folder>bag</folder>
	<filename>Bag4_Trim1 084.jpg</filename>
	<source>
		<database>Unknown</database>
	</source>
	<size>
		<width>1920</width>
		<height>1080</height>
		<depth>3</depth>
	</size>
	<segmented>0</segmented>
	<object>
		<name>plastic bag</name>
		<pose>Unspecified</pose>
		<truncated>1</truncated>
		<difficult>0</difficult>
		<bndbox>
			<xmin>995</xmin>
			<ymin>1</ymin>
			<xmax>1585</xmax>
			<ymax>234</ymax>
		</bndbox>
	</object>
</annotation>